ЯРОСЛАВСКИЙ НИИЖК-ФИЛИАЛ ФНЦ ?ВИК ИМ. В.Р. ВИЛЬЯМСА?;;;
Россия, 150517, Ярославская область, Ярославский р-н, п. Михайловский,  ;;;
ул. Ленина, 1;;;
;;;
СЕРТИФИКАТ ПО МИКРОСАТЕЛЛИТНОМУ ПРОФИЛЮ ЖИВОТНОГО;;;
;;;
Кличка:;Мотивировка;Инвентарный номер:;82521
Пол;F;-;
Предприятие:;АО  Племзавод  ?Заря?;;
Кличка отца;Брендон;Инвентарный номер отца:;69951912
Заключение;Отцовство  подтверждено;Дата заключения:;11.09.2019 г.
;;;
Локус;Потомок;Предполагаемый отец;Предполагаемая мать
;Мотивировка 82521;Брендон 69951912;Мотивировка 1567
BM1818;260/266;260/266;-
BM1824;180/188;188/188;-
BM2113;135/139;135/139;-
CSRM60;92/100;-;-
CSSM66;187/189;-;-
CYP21;-;189/210;-
ETH10;219/225;217/225;-
ETH225;148/150;148/148;-
ETH3;117/117;117/129;-
ILSTS6;289/294;-;-
INRA023;202/206;202/206;-
RM067;-;90/96;-
SPS115;265/258;248/256;-
TGLA126;117/119;117/117;-
TGLA122;143/153;143/183;-
TGLA227;89/99;81/99;-
TGLA53;158/184;158/162;-
MGTG4B;-;141/141;-
SPS113;-;141/155;-
;;;
Лаборатория генетики и ;;;
биотехнологии Ярославского ;;;
НИИЖК-филиала ;;;
ФНЦ ?ВИК им. В.Р. Вильямса?;;;
;;;
ЯРОСЛАВСКИЙ НИИЖК-ФИЛИАЛ ФНЦ ?ВИК ИМ. В.Р. ВИЛЬЯМСА?;;;
Россия, 150517, Ярославская область, Ярославский р-н, п. Михайловский,  ;;;
ул. Ленина, 1;;;
;;;
СЕРТИФИКАТ ПО МИКРОСАТЕЛЛИТНОМУ ПРОФИЛЮ ЖИВОТНОГО;;;
;;;
Кличка:;Набойка;Инвентарный номер:;82505
Пол;F;-;
Предприятие:;АО  Племзавод  ?Заря?;;
Кличка отца;АльтаДом;Инвентарный номер отца:;139919013
Заключение;Отцовство  подтверждено;Дата заключения:;11.09.2019 г.
;;;
Локус;Потомок;Предполагаемый отец;Предполагаемая мать
;Набойка 82505;АльтаДом  139919013;Набойка 1440
BM1818;262/266;262/266;-
BM1824;180/188;180/188;-
BM2113;135/135;135/139;-
CSRM60;92/102;-;-
CSSM66;185/189;-;-
CYP21;-;198/210;-
ETH10;217/217;217/219;-
ETH225;140/152;140/148;-
ETH3;117/127;117/129;-
ILSTS6;294/296;-;-
INRA023;200/206;202/206;-
RM067;-;90/92;-
SPS115;248/248;248/248;-
TGLA126;115/115;115/117;-
TGLA122;143/163;163/163;-
TGLA227;87/91;87/89;-
TGLA53;158/162;162/186;-
MGTG4B;-;141/141;-
SPS113;-;141/151;-
;;;
Лаборатория генетики и ;;;
биотехнологии Ярославского ;;;
НИИЖК-филиала ;;;
ФНЦ ?ВИК им. В.Р. Вильямса?;;;
;;;
